data_hora_utc;yahoo_finance_ok;yahoo_finance_detalhe;b3_ok;b3_detalhe
2026-08-31T22:31:11+00:00;SIM;ok, ultimo fechamento: 45.02;NAO;resposta em formato inesperado
2026-08-31T22:39:52+00:00;SIM;ok, ultimo fechamento: 45.02;SIM;ok, 24 proventos no retorno
2026-08-31T23:04:28+00:00;SIM;ok, ultimo fechamento: 45.02;SIM;ok, 24 proventos no retorno
2026-09-01T06:11:02+00:00;SIM;ok, ultimo fechamento: 43.55;SIM;ok, 24 proventos no retorno
2026-09-01T12:11:12+00:00;SIM;ok, ultimo fechamento: 45.02;SIM;ok, 24 proventos no retorno
2026-09-01T18:10:04+00:00;SIM;ok, ultimo fechamento: 46.84;SIM;ok, 24 proventos no retorno
2026-09-01T23:07:02+00:00;SIM;ok, ultimo fechamento: 46.87;SIM;ok, 24 proventos no retorno
2026-09-02T06:15:48+00:00;SIM;ok, ultimo fechamento: 45.02;SIM;ok, 24 proventos no retorno
2026-09-02T12:11:12+00:00;SIM;ok, ultimo fechamento: 46.87;SIM;ok, 24 proventos no retorno
2026-09-02T18:10:05+00:00;SIM;ok, ultimo fechamento: 48.00;SIM;ok, 24 proventos no retorno
2026-09-02T23:07:20+00:00;SIM;ok, ultimo fechamento: 48.20;SIM;ok, 24 proventos no retorno
2026-09-03T06:12:12+00:00;SIM;ok, ultimo fechamento: 46.87;SIM;ok, 24 proventos no retorno
2026-09-03T12:11:29+00:00;SIM;ok, ultimo fechamento: 48.20;SIM;ok, 24 proventos no retorno
2026-09-03T18:10:00+00:00;SIM;ok, ultimo fechamento: 47.48;SIM;ok, 24 proventos no retorno
2026-09-03T23:07:31+00:00;SIM;ok, ultimo fechamento: 47.56;SIM;ok, 24 proventos no retorno
2026-09-04T06:10:31+00:00;SIM;ok, ultimo fechamento: 48.20;SIM;ok, 24 proventos no retorno
2026-09-04T12:11:08+00:00;SIM;ok, ultimo fechamento: 48.20;SIM;ok, 24 proventos no retorno
2026-09-04T18:09:40+00:00;SIM;ok, ultimo fechamento: 47.06;SIM;ok, 24 proventos no retorno
2026-09-04T23:07:33+00:00;SIM;ok, ultimo fechamento: 47.11;SIM;ok, 24 proventos no retorno
2026-09-05T06:10:04+00:00;SIM;ok, ultimo fechamento: nan;SIM;ok, 24 proventos no retorno
2026-09-05T12:09:22+00:00;SIM;ok, ultimo fechamento: 47.11;SIM;ok, 24 proventos no retorno
2026-09-05T18:08:56+00:00;SIM;ok, ultimo fechamento: 47.11;SIM;ok, 24 proventos no retorno
2026-09-05T23:07:00+00:00;SIM;ok, ultimo fechamento: 47.11;SIM;ok, 24 proventos no retorno
2026-09-06T06:10:10+00:00;SIM;ok, ultimo fechamento: 47.11;SIM;ok, 24 proventos no retorno
2026-09-06T12:09:56+00:00;SIM;ok, ultimo fechamento: 47.11;SIM;ok, 24 proventos no retorno
2026-09-06T18:09:10+00:00;SIM;ok, ultimo fechamento: 47.11;SIM;ok, 24 proventos no retorno
2026-09-06T23:07:31+00:00;SIM;ok, ultimo fechamento: 47.11;SIM;ok, 24 proventos no retorno
2026-09-07T06:11:43+00:00;SIM;ok, ultimo fechamento: 47.11;SIM;ok, 24 proventos no retorno
2026-09-07T12:10:50+00:00;SIM;ok, ultimo fechamento: 47.11;SIM;ok, 24 proventos no retorno
2026-09-07T18:09:36+00:00;SIM;ok, ultimo fechamento: 47.11;SIM;ok, 24 proventos no retorno
2026-09-07T23:08:40+00:00;SIM;ok, ultimo fechamento: 47.11;SIM;ok, 24 proventos no retorno
2026-09-08T06:10:49+00:00;SIM;ok, ultimo fechamento: 47.11;SIM;ok, 24 proventos no retorno
2026-09-08T12:11:34+00:00;SIM;ok, ultimo fechamento: 47.11;SIM;ok, 24 proventos no retorno
2026-09-08T18:10:10+00:00;SIM;ok, ultimo fechamento: 47.73;SIM;ok, 24 proventos no retorno
2026-09-08T23:08:12+00:00;SIM;ok, ultimo fechamento: 48.09;SIM;ok, 24 proventos no retorno
2026-09-09T06:11:06+00:00;SIM;ok, ultimo fechamento: 47.11;SIM;ok, 24 proventos no retorno
2026-09-09T12:10:49+00:00;SIM;ok, ultimo fechamento: 48.09;SIM;ok, 24 proventos no retorno
2026-09-09T18:10:29+00:00;SIM;ok, ultimo fechamento: 48.54;SIM;ok, 24 proventos no retorno
2026-09-09T23:07:38+00:00;SIM;ok, ultimo fechamento: 48.42;SIM;ok, 24 proventos no retorno
2026-09-10T06:11:21+00:00;SIM;ok, ultimo fechamento: 48.09;SIM;ok, 24 proventos no retorno
2026-09-10T12:11:18+00:00;SIM;ok, ultimo fechamento: 48.42;SIM;ok, 24 proventos no retorno
2026-09-10T18:09:58+00:00;SIM;ok, ultimo fechamento: 49.00;SIM;ok, 24 proventos no retorno
2026-09-10T23:06:58+00:00;SIM;ok, ultimo fechamento: 49.12;SIM;ok, 24 proventos no retorno
2026-09-11T06:10:34+00:00;SIM;ok, ultimo fechamento: 48.42;SIM;ok, 24 proventos no retorno
2026-09-11T12:11:28+00:00;SIM;ok, ultimo fechamento: 49.12;SIM;ok, 24 proventos no retorno
2026-09-11T18:09:15+00:00;SIM;ok, ultimo fechamento: 48.70;SIM;ok, 24 proventos no retorno
2026-09-11T23:06:58+00:00;SIM;ok, ultimo fechamento: 49.00;SIM;ok, 24 proventos no retorno
2026-09-12T06:10:05+00:00;SIM;ok, ultimo fechamento: nan;SIM;ok, 24 proventos no retorno
2026-09-12T12:10:10+00:00;SIM;ok, ultimo fechamento: 49.00;SIM;ok, 24 proventos no retorno
2026-09-12T18:09:14+00:00;SIM;ok, ultimo fechamento: 49.00;SIM;ok, 24 proventos no retorno
2026-09-12T23:07:05+00:00;SIM;ok, ultimo fechamento: 49.00;SIM;ok, 24 proventos no retorno
2026-09-13T11:01:27+00:00;SIM;ok, ultimo fechamento: 49.00;SIM;ok, 24 proventos no retorno
2026-09-13T15:32:27+00:00;SIM;ok, ultimo fechamento: 49.00;SIM;ok, 24 proventos no retorno
2026-09-13T20:14:22+00:00;SIM;ok, ultimo fechamento: 49.00;SIM;ok, 24 proventos no retorno
2026-09-14T00:40:03+00:00;SIM;ok, ultimo fechamento: 49.00;SIM;ok, 24 proventos no retorno
2026-09-14T11:40:01+00:00;SIM;ok, ultimo fechamento: 49.00;SIM;ok, 24 proventos no retorno
2026-09-14T17:34:46+00:00;SIM;ok, ultimo fechamento: 48.87;SIM;ok, 24 proventos no retorno
2026-09-14T21:23:46+00:00;SIM;ok, ultimo fechamento: 48.92;SIM;ok, 24 proventos no retorno
2026-09-15T01:08:45+00:00;SIM;ok, ultimo fechamento: 48.92;SIM;ok, 24 proventos no retorno
2026-09-15T10:58:22+00:00;SIM;ok, ultimo fechamento: 48.92;SIM;ok, 24 proventos no retorno
2026-09-15T16:09:21+00:00;SIM;ok, ultimo fechamento: 50.67;SIM;ok, 24 proventos no retorno
2026-09-15T20:49:23+00:00;SIM;ok, ultimo fechamento: 50.43;SIM;ok, 24 proventos no retorno
2026-09-16T01:02:01+00:00;SIM;ok, ultimo fechamento: 50.43;SIM;ok, 24 proventos no retorno
2026-09-16T10:46:51+00:00;SIM;ok, ultimo fechamento: 50.43;SIM;ok, 24 proventos no retorno
2026-09-16T16:02:41+00:00;SIM;ok, ultimo fechamento: 48.86;SIM;ok, 24 proventos no retorno
2026-09-16T20:49:23+00:00;SIM;ok, ultimo fechamento: 48.65;SIM;ok, 24 proventos no retorno
2026-09-17T01:03:46+00:00;SIM;ok, ultimo fechamento: 48.65;SIM;ok, 24 proventos no retorno
2026-09-17T10:53:52+00:00;SIM;ok, ultimo fechamento: 48.65;SIM;ok, 24 proventos no retorno
2026-09-17T16:09:04+00:00;SIM;ok, ultimo fechamento: 48.55;SIM;ok, 24 proventos no retorno
2026-09-17T20:54:40+00:00;SIM;ok, ultimo fechamento: 48.61;SIM;ok, 24 proventos no retorno
2026-09-18T00:58:42+00:00;SIM;ok, ultimo fechamento: 48.61;SIM;ok, 24 proventos no retorno
2026-09-18T10:29:18+00:00;SIM;ok, ultimo fechamento: 48.65;SIM;ok, 24 proventos no retorno
2026-09-18T15:44:47+00:00;SIM;ok, ultimo fechamento: 48.59;SIM;ok, 24 proventos no retorno
2026-09-18T20:20:08+00:00;SIM;ok, ultimo fechamento: 48.45;SIM;ok, 24 proventos no retorno
2026-09-19T00:55:49+00:00;SIM;ok, ultimo fechamento: 48.50;SIM;ok, 24 proventos no retorno
2026-09-19T10:14:38+00:00;SIM;ok, ultimo fechamento: 48.50;SIM;ok, 24 proventos no retorno
2026-09-19T15:16:31+00:00;SIM;ok, ultimo fechamento: nan;SIM;ok, 24 proventos no retorno
2026-09-19T19:58:47+00:00;SIM;ok, ultimo fechamento: nan;SIM;ok, 24 proventos no retorno
2026-09-20T00:36:40+00:00;SIM;ok, ultimo fechamento: 48.50;SIM;ok, 24 proventos no retorno
2026-09-20T10:33:09+00:00;SIM;ok, ultimo fechamento: 48.50;SIM;ok, 24 proventos no retorno
2026-09-20T15:21:22+00:00;SIM;ok, ultimo fechamento: 48.50;SIM;ok, 24 proventos no retorno
2026-09-20T20:15:24+00:00;SIM;ok, ultimo fechamento: 48.50;SIM;ok, 24 proventos no retorno
2026-09-21T00:48:50+00:00;SIM;ok, ultimo fechamento: 48.50;SIM;ok, 24 proventos no retorno
2026-09-21T11:52:51+00:00;SIM;ok, ultimo fechamento: 48.50;SIM;ok, 24 proventos no retorno
2026-09-21T17:47:30+00:00;SIM;ok, ultimo fechamento: 48.14;SIM;ok, 24 proventos no retorno
2026-09-21T21:39:20+00:00;SIM;ok, ultimo fechamento: 48.00;SIM;ok, 24 proventos no retorno
2026-09-22T01:24:23+00:00;SIM;ok, ultimo fechamento: 48.00;SIM;ok, 24 proventos no retorno
2026-09-22T10:53:40+00:00;SIM;ok, ultimo fechamento: 48.00;NAO;HTTP 403
2026-09-22T16:11:28+00:00;SIM;ok, ultimo fechamento: 48.25;SIM;ok, 24 proventos no retorno
2026-09-22T20:50:25+00:00;SIM;ok, ultimo fechamento: 48.35;SIM;ok, 24 proventos no retorno
2026-09-23T01:12:40+00:00;SIM;ok, ultimo fechamento: 48.35;SIM;ok, 24 proventos no retorno
2026-09-23T10:41:54+00:00;SIM;ok, ultimo fechamento: 48.00;SIM;ok, 24 proventos no retorno
2026-09-23T16:00:32+00:00;SIM;ok, ultimo fechamento: 49.70;SIM;ok, 24 proventos no retorno
2026-09-23T21:01:21+00:00;SIM;ok, ultimo fechamento: 49.60;SIM;ok, 24 proventos no retorno
2026-09-24T01:01:09+00:00;SIM;ok, ultimo fechamento: 49.60;SIM;ok, 24 proventos no retorno
2026-09-24T11:02:27+00:00;SIM;ok, ultimo fechamento: 49.60;SIM;ok, 24 proventos no retorno
2026-09-24T16:25:31+00:00;SIM;ok, ultimo fechamento: 49.84;SIM;ok, 24 proventos no retorno
2026-09-24T21:05:38+00:00;SIM;ok, ultimo fechamento: 49.26;SIM;ok, 24 proventos no retorno
2026-09-25T01:07:10+00:00;SIM;ok, ultimo fechamento: 49.26;SIM;ok, 24 proventos no retorno
2026-09-25T11:02:39+00:00;SIM;ok, ultimo fechamento: 49.26;SIM;ok, 24 proventos no retorno
2026-09-25T16:25:24+00:00;SIM;ok, ultimo fechamento: 48.12;SIM;ok, 24 proventos no retorno
2026-09-25T21:02:57+00:00;SIM;ok, ultimo fechamento: 47.99;SIM;ok, 24 proventos no retorno
2026-09-26T01:09:21+00:00;SIM;ok, ultimo fechamento: 47.99;SIM;ok, 24 proventos no retorno
2026-09-26T10:44:48+00:00;SIM;ok, ultimo fechamento: 48.07;SIM;ok, 24 proventos no retorno
2026-09-26T15:40:34+00:00;SIM;ok, ultimo fechamento: 48.07;SIM;ok, 24 proventos no retorno
2026-09-26T20:36:03+00:00;SIM;ok, ultimo fechamento: 48.07;SIM;ok, 24 proventos no retorno
2026-09-27T01:04:17+00:00;SIM;ok, ultimo fechamento: 48.07;SIM;ok, 24 proventos no retorno
2026-09-27T11:18:42+00:00;SIM;ok, ultimo fechamento: 48.07;SIM;ok, 24 proventos no retorno
2026-09-27T16:19:01+00:00;SIM;ok, ultimo fechamento: 48.07;SIM;ok, 24 proventos no retorno
2026-09-27T20:48:12+00:00;SIM;ok, ultimo fechamento: 48.07;SIM;ok, 24 proventos no retorno
2026-09-28T01:22:14+00:00;SIM;ok, ultimo fechamento: 48.07;SIM;ok, 24 proventos no retorno
2026-09-28T12:48:21+00:00;SIM;ok, ultimo fechamento: 48.07;SIM;ok, 24 proventos no retorno
2026-09-28T22:53:53+00:00;SIM;ok, ultimo fechamento: 48.72;SIM;ok, 24 proventos no retorno
2026-09-29T02:28:03+00:00;SIM;ok, ultimo fechamento: 48.72;SIM;ok, 24 proventos no retorno
2026-09-29T12:02:58+00:00;SIM;ok, ultimo fechamento: 48.72;SIM;ok, 24 proventos no retorno
2026-09-29T21:48:06+00:00;SIM;ok, ultimo fechamento: 49.10;SIM;ok, 24 proventos no retorno
2026-09-30T01:48:27+00:00;SIM;ok, ultimo fechamento: 49.10;SIM;ok, 24 proventos no retorno
2026-09-30T11:51:22+00:00;SIM;ok, ultimo fechamento: 49.10;SIM;ok, 24 proventos no retorno
2026-09-30T17:32:08+00:00;SIM;ok, ultimo fechamento: 49.72;SIM;ok, 24 proventos no retorno
2026-09-30T21:49:30+00:00;SIM;ok, ultimo fechamento: 49.12;SIM;ok, 24 proventos no retorno
2026-10-01T01:47:26+00:00;SIM;ok, ultimo fechamento: 49.12;SIM;ok, 24 proventos no retorno
2026-10-01T12:21:12+00:00;SIM;ok, ultimo fechamento: 49.12;SIM;ok, 24 proventos no retorno
2026-10-01T22:17:27+00:00;SIM;ok, ultimo fechamento: 49.77;SIM;ok, 24 proventos no retorno
2026-10-02T01:57:26+00:00;SIM;ok, ultimo fechamento: 49.77;SIM;ok, 24 proventos no retorno
2026-10-02T11:48:54+00:00;SIM;ok, ultimo fechamento: 49.90;SIM;ok, 24 proventos no retorno
2026-10-02T17:22:20+00:00;SIM;ok, ultimo fechamento: 50.42;SIM;ok, 24 proventos no retorno
2026-10-02T21:46:34+00:00;SIM;ok, ultimo fechamento: 51.17;SIM;ok, 24 proventos no retorno
2026-10-03T01:41:57+00:00;SIM;ok, ultimo fechamento: 51.17;NAO;ReadTimeout: HTTPSConnectionPool(host='sistemaswebb3-listados.b3.com.br', port=443): Read timed out. (read timeout=12)
2026-10-03T11:02:19+00:00;SIM;ok, ultimo fechamento: 51.17;SIM;ok, 24 proventos no retorno
2026-10-03T15:39:17+00:00;SIM;ok, ultimo fechamento: 51.17;SIM;ok, 24 proventos no retorno
2026-10-03T20:33:21+00:00;SIM;ok, ultimo fechamento: 51.17;SIM;ok, 24 proventos no retorno
2026-10-04T02:20:50+00:00;SIM;ok, ultimo fechamento: 51.17;SIM;ok, 24 proventos no retorno
2026-10-04T11:43:44+00:00;SIM;ok, ultimo fechamento: 51.17;SIM;ok, 24 proventos no retorno
2026-10-04T16:22:39+00:00;SIM;ok, ultimo fechamento: 51.17;SIM;ok, 24 proventos no retorno
2026-10-04T20:49:33+00:00;SIM;ok, ultimo fechamento: 51.17;SIM;ok, 24 proventos no retorno
2026-10-05T01:32:53+00:00;SIM;ok, ultimo fechamento: 51.17;SIM;ok, 24 proventos no retorno
2026-10-05T13:29:13+00:00;SIM;ok, ultimo fechamento: 53.99;SIM;ok, 24 proventos no retorno
2026-10-05T23:40:19+00:00;SIM;ok, ultimo fechamento: 55.36;SIM;ok, 24 proventos no retorno
2026-10-06T12:41:13+00:00;SIM;ok, ultimo fechamento: 55.36;SIM;ok, 24 proventos no retorno
2026-10-06T22:15:30+00:00;SIM;ok, ultimo fechamento: 53.82;SIM;ok, 24 proventos no retorno
2026-10-07T02:02:00+00:00;SIM;ok, ultimo fechamento: 53.82;SIM;ok, 24 proventos no retorno
2026-10-07T12:34:37+00:00;SIM;ok, ultimo fechamento: 53.82;SIM;ok, 24 proventos no retorno
2026-10-07T22:37:09+00:00;SIM;ok, ultimo fechamento: 54.33;SIM;ok, 24 proventos no retorno
2026-10-08T02:26:48+00:00;SIM;ok, ultimo fechamento: 54.33;SIM;ok, 24 proventos no retorno
2026-10-08T12:44:12+00:00;SIM;ok, ultimo fechamento: 54.33;SIM;ok, 24 proventos no retorno
2026-10-08T22:49:04+00:00;SIM;ok, ultimo fechamento: 55.48;SIM;ok, 24 proventos no retorno
2026-10-09T02:43:40+00:00;SIM;ok, ultimo fechamento: 55.48;SIM;ok, 24 proventos no retorno
2026-10-09T12:30:44+00:00;SIM;ok, ultimo fechamento: 55.48;SIM;ok, 24 proventos no retorno
2026-10-09T22:11:25+00:00;SIM;ok, ultimo fechamento: 56.00;SIM;ok, 24 proventos no retorno
2026-10-10T02:02:33+00:00;SIM;ok, ultimo fechamento: 56.00;SIM;ok, 24 proventos no retorno
2026-10-10T11:50:19+00:00;SIM;ok, ultimo fechamento: 56.00;SIM;ok, 24 proventos no retorno
